{
    "theta_lim": 0.2617993877991494,
    "phi_lim": 1.0471975511965976,
    "n": 512,
    "k": 256,
    "r": [
        0,
        0.0435465725806452,
        0.0870931451612903,
         0.130639717741936,
         0.174186290322581,
         0.217732862903226,
         0.261279435483871,
         0.304826008064516,
         0.348372580645161,
         0.391919153225806,
         0.435465725806452,
         0.479012298387097,
         0.522558870967742,
         0.566105443548387,
         0.609652016129032,
         0.653198588709677,
         0.696745161290323,
         0.740291733870968,
         0.783838306451613,
         0.827384879032258,
         0.870931451612903,
         0.914478024193548,
         0.958024596774194,
          1.00157116935484,
          1.04511774193548,
          1.08866431451613,
          1.13221088709677,
          1.17575745967742,
          1.21930403225806,
          1.26285060483871,
          1.30639717741935,
                1.34994375
    ],
    "d": [
        -0.236868036079739,
        -0.233137830787144,
         -0.22940762549455,
        -0.225677420201956,
        -0.221947214909362,
        -0.218217009616767,
        -0.214486804324173,
        -0.210756599031579,
        -0.207026393738984,
         -0.20329618844639,
        -0.199565983153796,
        -0.195835777861201,
        -0.192105572568607,
        -0.188375367276013,
        -0.184645161983418,
        -0.180914956690824,
         -0.17718475139823,
        -0.173454546105635,
        -0.169724340813041,
        -0.165994135520447,
        -0.162263930227853,
        -0.158533724935258,
        -0.154803519642664,
         -0.15107331435007,
        -0.147343109057475,
        -0.143612903764881,
        -0.139882698472287,
        -0.136152493179692,
        -0.132422287887098,
        -0.128692082594504,
        -0.124961877301909,
        -0.121231672009315,
        -0.117501466716721,
        -0.113771261424126,
        -0.110041056131532,
        -0.106310850838938,
        -0.102580645546344,
       -0.0988504402537492,
       -0.0951202349611549,
       -0.0913900296685606,
       -0.0876598243759663,
        -0.083929619083372,
       -0.0801994137907777,
       -0.0764692084981834,
       -0.0727390032055891,
       -0.0690087979129948,
       -0.0652785926204004,
       -0.0615483873278061,
       -0.0578181820352118,
       -0.0540879767426175,
       -0.0503577714500232,
       -0.0466275661574289,
       -0.0428973608648346,
       -0.0391671555722403,
        -0.035436950279646,
       -0.0317067449870516,
       -0.0279765396944573,
        -0.024246334401863,
       -0.0205161291092687,
       -0.0167859238166744,
       -0.0130557185240801,
      -0.00932551323148578,
      -0.00559530793889147,
      -0.00186510264629716,
       0.00186510264629716,
       0.00559530793889147,
       0.00932551323148578,
        0.0130557185240801,
        0.0167859238166744,
        0.0205161291092687,
         0.024246334401863,
        0.0279765396944573,
        0.0317067449870516,
         0.035436950279646,
        0.0391671555722403,
        0.0428973608648346,
        0.0466275661574289,
        0.0503577714500232,
        0.0540879767426175,
        0.0578181820352118,
        0.0615483873278061,
        0.0652785926204004,
        0.0690087979129948,
        0.0727390032055891,
        0.0764692084981834,
        0.0801994137907777,
         0.083929619083372,
        0.0876598243759663,
        0.0913900296685606,
        0.0951202349611549,
        0.0988504402537492,
         0.102580645546344,
         0.106310850838938,
         0.110041056131532,
         0.113771261424126,
         0.117501466716721,
         0.121231672009315,
         0.124961877301909,
         0.128692082594504,
         0.132422287887098,
         0.136152493179692,
         0.139882698472287,
         0.143612903764881,
         0.147343109057475,
          0.15107331435007,
         0.154803519642664,
         0.158533724935258,
         0.162263930227853,
         0.165994135520447,
         0.169724340813041,
         0.173454546105635,
          0.17718475139823,
         0.180914956690824,
         0.184645161983418,
         0.188375367276013,
         0.192105572568607,
         0.195835777861201,
         0.199565983153796,
          0.20329618844639,
         0.207026393738984,
         0.210756599031579,
         0.214486804324173,
         0.218217009616767,
         0.221947214909362,
         0.225677420201956,
          0.22940762549455,
         0.233137830787144,
         0.236868036079739
    ]
}