{
    "theta_lim": 0.2617993877991494,
    "phi_lim": 1.0471975511965976,
    "n": 512,
    "k": 256,
    "r": [
        0,
        0.0435465725806452,
        0.0870931451612903,
         0.130639717741936,
         0.174186290322581,
         0.217732862903226,
         0.261279435483871,
         0.304826008064516,
         0.348372580645161,
         0.391919153225806,
         0.435465725806452,
         0.479012298387097,
         0.522558870967742,
         0.566105443548387,
         0.609652016129032,
         0.653198588709677,
         0.696745161290323,
         0.740291733870968,
         0.783838306451613,
         0.827384879032258,
         0.870931451612903,
         0.914478024193548,
         0.958024596774194,
          1.00157116935484,
          1.04511774193548,
          1.08866431451613,
          1.13221088709677,
          1.17575745967742,
          1.21930403225806,
          1.26285060483871,
          1.30639717741935,
                1.34994375
    ],
    "d": [
        -1.89494428863791,
        -1.86510264629716,
         -1.8352610039564,
        -1.80541936161565,
        -1.77557771927489,
        -1.74573607693414,
        -1.71589443459338,
        -1.68605279225263,
        -1.65621114991187,
        -1.62636950757112,
        -1.59652786523037,
        -1.56668622288961,
        -1.53684458054886,
         -1.5070029382081,
        -1.47716129586735,
        -1.44731965352659,
        -1.41747801118584,
        -1.38763636884508,
        -1.35779472650433,
        -1.32795308416357,
        -1.29811144182282,
        -1.26826979948207,
        -1.23842815714131,
        -1.20858651480056,
         -1.1787448724598,
        -1.14890323011905,
        -1.11906158777829,
        -1.08921994543754,
        -1.05937830309678,
        -1.02953666075603,
       -0.999695018415275,
       -0.969853376074521,
       -0.940011733733766,
       -0.910170091393012,
       -0.880328449052257,
       -0.850486806711503,
       -0.820645164370748,
       -0.790803522029994,
       -0.760961879689239,
       -0.731120237348485,
        -0.70127859500773,
       -0.671436952666976,
       -0.641595310326222,
       -0.611753667985467,
       -0.581912025644713,
       -0.552070383303958,
       -0.522228740963204,
       -0.492387098622449,
       -0.462545456281695,
        -0.43270381394094,
       -0.402862171600186,
       -0.373020529259431,
       -0.343178886918677,
       -0.313337244577922,
       -0.283495602237168,
       -0.253653959896413,
       -0.223812317555659,
       -0.193970675214904,
        -0.16412903287415,
       -0.134287390533395,
       -0.104445748192641,
      -0.0746041058518862,
      -0.0447624635111317,
      -0.0149208211703772,
       0.0149208211703772,
       0.0447624635111317,
       0.0746041058518862,
        0.104445748192641,
        0.134287390533395,
         0.16412903287415,
        0.193970675214904,
        0.223812317555659,
        0.253653959896413,
        0.283495602237168,
        0.313337244577922,
        0.343178886918677,
        0.373020529259431,
        0.402862171600186,
         0.43270381394094,
        0.462545456281695,
        0.492387098622449,
        0.522228740963204,
        0.552070383303958,
        0.581912025644713,
        0.611753667985467,
        0.641595310326222,
        0.671436952666976,
         0.70127859500773,
        0.731120237348485,
        0.760961879689239,
        0.790803522029994,
        0.820645164370748,
        0.850486806711503,
        0.880328449052257,
        0.910170091393012,
        0.940011733733766,
        0.969853376074521,
        0.999695018415275,
         1.02953666075603,
         1.05937830309678,
         1.08921994543754,
         1.11906158777829,
         1.14890323011905,
          1.1787448724598,
         1.20858651480056,
         1.23842815714131,
         1.26826979948207,
         1.29811144182282,
         1.32795308416357,
         1.35779472650433,
         1.38763636884508,
         1.41747801118584,
         1.44731965352659,
         1.47716129586735,
          1.5070029382081,
         1.53684458054886,
         1.56668622288961,
         1.59652786523037,
         1.62636950757112,
         1.65621114991187,
         1.68605279225263,
         1.71589443459338,
         1.74573607693414,
         1.77557771927489,
         1.80541936161565,
          1.8352610039564,
         1.86510264629716,
         1.89494428863791
    ]
}