{
    "theta_lim": 0.2617993877991494,
    "phi_lim": 1.0471975511965976,
    "n": 512,
    "k": 256,
    "r": [
        0,
        10,
        96
    ],
    "d": [
        -5,
        5,
        96
    ]
}