{
    "theta_lim": 0.2617993877991494,
    "phi_lim": 1.0471975511965976,
    "n": 512,
    "k": 256,
    "r": [
        0,
        0.10526315789473684,
        0.21052631578947367,
        0.3157894736842105,
        0.42105263157894735,
        0.5263157894736842,
        0.631578947368421,
        0.7368421052631579,
        0.8421052631578947,
        0.9473684210526315,
        1.0526315789473684,
        1.1578947368421053,
        1.263157894736842,
        1.3684210526315788,
        1.4736842105263157,
        1.5789473684210527,
        1.6842105263157894,
        1.789473684210526,
        1.894736842105263,
        2,
        2.1052631578947367,
        2.2105263157894735,
        2.3157894736842106,
        2.4210526315789473,
        2.526315789473684,
        2.631578947368421,
        2.7368421052631575,
        2.8421052631578947,
        2.9473684210526314,
        3.052631578947368,
        3.1578947368421053,
        3.263157894736842,
        3.3684210526315788,
        3.4736842105263155,
        3.578947368421052,
        3.6842105263157894,
        3.789473684210526,
        3.894736842105263,
        4,
        4.105263157894736,
        4.2105263157894735,
        4.315789473684211,
        4.421052631578947,
        4.526315789473684,
        4.631578947368421,
        4.7368421052631575,
        4.842105263157895,
        4.947368421052631,
        5.052631578947368,
        5.157894736842105,
        5.263157894736842,
        5.368421052631579,
        5.473684210526315,
        5.578947368421052,
        5.684210526315789,
        5.789473684210526,
        5.894736842105263,
        6,
        6.105263157894736,
        6.2105263157894735,
        6.315789473684211,
        6.421052631578947,
        6.526315789473684,
        6.63157894736842,
        6.7368421052631575,
        6.842105263157895,
        6.947368421052631,
        7.052631578947368,
        7.157894736842104,
        7.263157894736842,
        7.368421052631579,
        7.473684210526315,
        7.578947368421052,
        7.684210526315789,
        7.789473684210526,
        7.894736842105263,
        8,
        8.105263157894736,
        8.210526315789473,
        8.31578947368421,
        8.421052631578947,
        8.526315789473683,
        8.631578947368421,
        8.736842105263158,
        8.842105263157894,
        8.947368421052632,
        9.052631578947368,
        9.157894736842104,
        9.263157894736842,
        9.368421052631579,
        9.473684210526315,
        9.578947368421051,
        9.68421052631579,
        9.789473684210526,
        9.894736842105262,
        10
    ],
    "d": [
        -5,
        -4.894736842105263,
        -4.7894736842105265,
        -4.684210526315789,
        -4.578947368421053,
        -4.473684210526316,
        -4.368421052631579,
        -4.2631578947368425,
        -4.157894736842105,
        -4.052631578947368,
        -3.947368421052632,
        -3.8421052631578947,
        -3.736842105263158,
        -3.6315789473684212,
        -3.526315789473684,
        -3.4210526315789473,
        -3.3157894736842106,
        -3.210526315789474,
        -3.105263157894737,
        -3,
        -2.8947368421052633,
        -2.7894736842105265,
        -2.6842105263157894,
        -2.5789473684210527,
        -2.473684210526316,
        -2.368421052631579,
        -2.2631578947368425,
        -2.1578947368421053,
        -2.0526315789473686,
        -1.9473684210526319,
        -1.8421052631578947,
        -1.736842105263158,
        -1.6315789473684212,
        -1.5263157894736845,
        -1.4210526315789478,
        -1.3157894736842106,
        -1.210526315789474,
        -1.1052631578947372,
        -1,
        -0.8947368421052637,
        -0.7894736842105265,
        -0.6842105263157894,
        -0.5789473684210531,
        -0.47368421052631593,
        -0.36842105263157876,
        -0.2631578947368425,
        -0.1578947368421053,
        -0.05263157894736903,
        0.05263157894736814,
        0.1578947368421053,
        0.2631578947368416,
        0.36842105263157876,
        0.47368421052631504,
        0.5789473684210522,
        0.6842105263157894,
        0.7894736842105257,
        0.8947368421052628,
        1,
        1.1052631578947363,
        1.2105263157894735,
        1.3157894736842106,
        1.421052631578947,
        1.526315789473684,
        1.6315789473684204,
        1.7368421052631575,
        1.8421052631578947,
        1.947368421052631,
        2.052631578947368,
        2.1578947368421044,
        2.2631578947368416,
        2.3684210526315788,
        2.473684210526315,
        2.578947368421052,
        2.6842105263157894,
        2.7894736842105257,
        2.894736842105263,
        3,
        3.1052631578947363,
        3.2105263157894726,
        3.3157894736842106,
        3.421052631578947,
        3.526315789473683,
        3.6315789473684212,
        3.7368421052631575,
        3.842105263157894,
        3.947368421052632,
        4.052631578947368,
        4.157894736842104,
        4.2631578947368425,
        4.368421052631579,
        4.473684210526315,
        4.578947368421051,
        4.684210526315789,
        4.789473684210526,
        4.894736842105262,
        5
    ]
}