{"theta_lim": 0.2617993877991494, "phi_lim": 1.0471975511965976, "n": 512, "k": 256, "r": [0.0, 0.10526315867900848, 0.21052631735801697, 0.31578946113586426, 0.42105263471603394, 0.5263158082962036, 0.6315789222717285, 0.7368420958518982, 0.8421052694320679, 0.9473684430122375, 1.0526316165924072, 1.1578947305679321, 1.263157844543457, 1.3684210777282715, 1.4736841917037964, 1.5789474248886108, 1.6842105388641357, 1.7894736528396606, 1.894736886024475, 2.0, 2.1052632331848145, 2.21052622795105, 2.3157894611358643, 2.4210526943206787, 2.526315689086914, 2.6315789222717285, 2.736842155456543, 2.8421053886413574, 2.9473683834075928, 3.0526316165924072, 3.1578948497772217, 3.263157844543457, 3.3684210777282715, 3.473684310913086, 3.5789473056793213, 3.6842105388641357, 3.78947377204895, 3.8947367668151855, 4.0, 4.1052632331848145, 4.210526466369629, 4.315789699554443, 4.4210524559021, 4.526315689086914, 4.6315789222717285, 4.736842155456543, 4.842105388641357, 4.947368621826172, 5.052631378173828, 5.157894611358643, 5.263157844543457, 5.3684210777282715, 5.473684310913086, 5.5789475440979, 5.684210777282715, 5.789473533630371, 5.8947367668151855, 6.0, 6.1052632331848145, 6.210526466369629, 6.315789699554443, 6.4210524559021, 6.526315689086914, 6.6315789222717285, 6.736842155456543, 6.842105388641357, 6.947368621826172, 7.052631855010986, 7.157894611358643, 7.263157844543457, 7.3684210777282715, 7.473684310913086, 7.5789475440979, 7.684210777282715, 7.789473533630371, 7.8947367668151855, 8.0, 8.105262756347656, 8.210526466369629, 8.315789222717285, 8.421052932739258, 8.526315689086914, 8.631579399108887, 8.736842155456543, 8.8421049118042, 8.947368621826172, 9.052631378173828, 9.1578950881958, 9.263157844543457, 9.36842155456543, 9.473684310913086, 9.578947067260742, 9.684210777282715, 9.789473533630371, 9.894737243652344, 10.0], "d": [-5.0, -4.894737243652344, -4.789473533630371, -4.684210777282715, -4.578947067260742, -4.473684310913086, -4.368420600891113, -4.263157844543457, -4.157895088195801, -4.052631378173828, -3.947368621826172, -3.8421051502227783, -3.7368416786193848, -3.6315786838531494, -3.526315689086914, -3.4210526943206787, -3.3157896995544434, -3.210526466369629, -3.1052629947662354, -3.0, -2.8947365283966064, -2.789473533630371, -2.684210777282715, -2.5789475440979004, -2.473684072494507, -2.3684210777282715, -2.263157606124878, -2.1578943729400635, -2.052631378173828, -1.9473685026168823, -1.8421052694320679, -1.736842155456543, -1.6315789222717285, -1.526315450668335, -1.42105233669281, -1.3157893419265747, -1.2105263471603394, -1.1052632331848145, -1.0, -0.8947367668151855, -0.7894735336303711, -0.6842100620269775, -0.5789473056793213, -0.47368431091308594, -0.3684210777282715, -0.26315784454345703, -0.15789461135864258, -0.052631378173828125, 0.05263185501098633, 0.15789484977722168, 0.26315784454345703, 0.3684210777282715, 0.47368454933166504, 0.5789475440979004, 0.6842107772827148, 0.7894735336303711, 0.8947370052337646, 1.0000001192092896, 1.1052632331848145, 1.210526704788208, 1.3157896995544434, 1.4210526943206787, 1.526315689086914, 1.6315791606903076, 1.7368422746658325, 1.8421053886413574, 1.947368860244751, 2.0526318550109863, 2.1578948497772217, 2.263157844543457, 2.3684213161468506, 2.473684310913086, 2.5789475440979004, 2.684211015701294, 2.78947377204895, 2.8947370052337646, 3.0, 3.1052632331848145, 3.210526466369629, 3.3157894611358643, 3.421052932739258, 3.526315927505493, 3.6315793991088867, 3.736842155456543, 3.8421053886413574, 3.947368621826172, 4.052631378173828, 4.157895088195801, 4.263158321380615, 4.36842155456543, 4.473684310913086, 4.5789475440979, 4.684210777282715, 4.789473533630371, 4.894737243652344, 5.0]}